实体1,关系,实体2
核电安全监管,所用卫星,Landsat5
核电安全监管,所用卫星,Landsat7
核电安全监管,所用卫星,Landsat8
机场监测,所用卫星,环境二号B星
机场监测,所用卫星,高分一号
机场监测,所用卫星,高分二号
机场监测,所用卫星,资源三号
船舶目标检测,所用卫星,高分一号
船舶目标检测,所用卫星,Landsat8
船舶目标检测,所用卫星,Sentinel2
船舶目标检测,所用卫星,RadarSat-1
船舶目标检测,所用卫星,TerraSAR-X
船舶目标检测,所用卫星,Sentinel1
战场态势感知,所用卫星,Quickbird
核电厂环境辐射监测,所用卫星,Landsat8
核电厂环境辐射监测,所用卫星,Landsat8
核电厂环境辐射监测,所用卫星,Landsat9
核电温排水监测,所用卫星,Landsat8
核电温排水监测,所用卫星,环境一号A星
农作物长势监测,所用卫星,Landsat8
农作物长势监测,所用卫星,CBERS-2
农作物长势监测,所用卫星,环境一号A星
农作物长势监测,所用卫星,高分二号
农作物长势监测,所用卫星,Sentinel2
农作物长势监测,所用卫星,高分一号
农作物长势监测,所用卫星,Terra
农作物产量监测,所用卫星,高分一号
农作物产量监测,所用卫星,高分一号
农作物产量监测,所用卫星,环境一号A星
农作物产量监测,所用卫星,Terra
农作物产量监测,所用卫星,Sentinel2
农作物产量监测,所用卫星,Landsat8
农作物种植面积监测,所用卫星,Landsat8
农作物种植面积监测,所用卫星,Sentinel2
农作物种植面积监测,所用卫星,高分二号
农作物种植面积监测,所用卫星,Terra
农作物种植面积监测,所用卫星,Landsat7
农作物种植面积监测,所用卫星,环境一号A星
农作物精细分类,所用卫星,高分六号
农作物精细分类,所用卫星,Sentinel2
农作物精细分类,所用卫星,Sentinel1
农作物分布情况识别,所用卫星,SPOT5
农作物分布情况识别,所用卫星,Landsat8
农作物分布情况识别,所用卫星,高分一号
农作物分布情况识别,所用卫星,Sentinel2
农作物分布情况识别,所用卫星,高分六号
农作物分布情况识别,所用卫星,Sentinel1
农作物分布情况识别,所用卫星,Landsat5
农作物分布情况识别,所用卫星,高分一号
植物物候期遥感监测,所用卫星,Terra
农业干旱监测,所用卫星,Landsat8
农业干旱监测,所用卫星,Terra
农业干旱监测,所用卫星,风云三号B星
农情信息获取,所用卫星,高分一号
农情信息获取,所用卫星,高分二号
农作物产量预测和估算,所用卫星,高分一号
农作物产量预测和估算,所用卫星,高分一号
农作物产量预测和估算,所用卫星,环境一号A星
农作物产量预测和估算,所用卫星,Terra
农作物产量预测和估算,所用卫星,Sentinel2
农作物产量预测和估算,所用卫星,Landsat8
农业种植结构调整监测,所用卫星,Sentinel2
农业种植结构调整监测,所用卫星,Terra
农业种植结构调整监测,所用卫星,Landsat8
农业种植结构调整监测,所用卫星,高分一号
农业种植结构调整监测,所用卫星,高分六号
农业种植结构调整监测,所用卫星,高分二号
农业种植结构调整监测,所用卫星,高分五号
土壤全氮含量的空间分布,所用卫星,Sentinel2
土壤全氮含量的空间分布,所用卫星,环境一号A星
土壤全氮含量的空间分布,所用卫星,Landsat8
土壤全氮含量的空间分布,所用卫星,高分一号
农业大棚提取,所用卫星,高分一号
农业大棚提取,所用卫星,高分二号
农业大棚提取,所用卫星,资源三号
农业大棚提取,所用卫星,Sentinel2
农业大棚提取,所用卫星,高分六号
农作物种植信息提取,所用卫星,Landsat8
农作物种植信息提取,所用卫星,高分一号
农作物种植信息提取,所用卫星,环境一号A星
农作物种植信息提取,所用卫星,Sentinel2
农作物种植信息提取,所用卫星,高分六号
茶园提取和识别,所用卫星,Sentinel2
茶园提取和识别,所用卫星,高分五号
茶园提取和识别,所用卫星,Landsat8
茶园提取和识别,所用卫星,Landsat7
茶园提取和识别,所用卫星,高分二号
茶园提取和识别,所用卫星,高分三号
反演稻田气温,所用卫星,Terra
提取耕地非粮化信息,所用卫星,Sentinel2
提取耕地非粮化信息,所用卫星,Sentinel1
提取耕地非粮化信息,所用卫星,Terra
反演植被覆盖时的土壤盐分,所用卫星,Sentinel2
反演植被覆盖时的土壤盐分,所用卫星,高分一号
土壤分类,所用卫星,高分五号
土壤分类,所用卫星,Landsat5
土壤分类,所用卫星,Terra
土壤分类,所用卫星,环境一号A星
农膜空间分布信息和使用量,所用卫星,高分一号
监测土壤水分,所用卫星,Sentinel1
监测土壤水分,所用卫星,Landsat8
监测土壤水分,所用卫星,Landsat8
监测土壤水分,所用卫星,Landsat7
监测土壤水分,所用卫星,高分三号
监测土壤水分,所用卫星,Terra
苹果冠层参数定量研究,所用卫星,高分一号
苹果冠层参数定量研究,所用卫星,SPOT5
小麦长势监测,所用卫星,Landsat8
小麦长势监测,所用卫星,Landsat9
小麦长势监测,所用卫星,Sentinel2
小麦长势监测,所用卫星,Terra
玉米长势监测,所用卫星,Terra
玉米长势监测,所用卫星,高分一号
玉米长势监测,所用卫星,高分二号
玉米长势监测,所用卫星,Sentinel1
油菜长势监测,所用卫星,高分一号
油菜长势监测,所用卫星,高分二号
油菜长势监测,所用卫星,Terra
油菜长势监测,所用卫星,Landsat5
烟草长势监测,所用卫星,TerraSAR-X
烟草长势监测,所用卫星,Landsat5
棉花长势监测,所用卫星,Landsat8
棉花长势监测,所用卫星,Landsat9
棉花长势监测,所用卫星,CBERS-2
棉花长势监测,所用卫星,环境一号A星
大豆长势监测,所用卫星,环境一号A星
大豆长势监测,所用卫星,Terra
水稻长势监测,所用卫星,环境一号A星
水稻长势监测,所用卫星,高分一号
水稻长势监测,所用卫星,风云三号D星
水稻长势监测,所用卫星,ENVISAT
小麦产量监测,所用卫星,高分一号
小麦产量监测,所用卫星,高分一号
小麦产量监测,所用卫星,环境一号A星
小麦产量监测,所用卫星,Terra
棉花产量监测,所用卫星,Sentinel2
棉花产量监测,所用卫星,Landsat8
棉花产量监测,所用卫星,Landsat9
棉花产量监测,所用卫星,Landsat5
水稻产量监测,所用卫星,Terra
水稻产量监测,所用卫星,高分一号
水稻产量监测,所用卫星,环境一号A星
玉米产量监测,所用卫星,Sentinel2
玉米产量监测,所用卫星,Terra
玉米产量监测,所用卫星,Landsat5
玉米产量监测,所用卫星,高分一号
棉花种植面积监测,所用卫星,高分六号
棉花种植面积监测,所用卫星,Landsat5
棉花种植面积监测,所用卫星,Landsat8
棉花种植面积监测,所用卫星,Landsat9
棉花种植面积监测,所用卫星,Sentinel2
棉花种植面积监测,所用卫星,高分二号
棉花种植面积监测,所用卫星,环境一号A星
玉米种植面积监测,所用卫星,Sentinel2
玉米种植面积监测,所用卫星,Terra
玉米种植面积监测,所用卫星,Landsat7
烟草种植面积监测,所用卫星,Sentinel2
烟草种植面积监测,所用卫星,高分二号
烟草种植面积监测,所用卫星,资源三号
小麦种植面积监测,所用卫星,Sentinel2
小麦种植面积监测,所用卫星,高分一号
小麦种植面积监测,所用卫星,高分一号
小麦种植面积监测,所用卫星,环境一号A星
小麦种植面积监测,所用卫星,Landsat8
小麦种植面积监测,所用卫星,Landsat9
小麦种植面积监测,所用卫星,Terra
苹果种植面积监测,所用卫星,Sentinel2
苹果种植面积监测,所用卫星,高分一号
大豆种植面积监测,所用卫星,Sentinel2
大豆种植面积监测,所用卫星,Sentinel1
大豆种植面积监测,所用卫星,高分一号
甘蔗种植面积监测,所用卫星,Sentinel2
甘蔗种植面积监测,所用卫星,Landsat8
甘蔗种植面积监测,所用卫星,Landsat9
甘蔗种植面积监测,所用卫星,高分二号
甘蔗种植面积监测,所用卫星,北京二号
水稻种植面积监测,所用卫星,Sentinel1
水稻种植面积监测,所用卫星,Sentinel2
水稻种植面积监测,所用卫星,Terra
水稻种植面积监测,所用卫星,高分六号
水稻种植面积监测,所用卫星,Landsat8
水稻种植面积监测,所用卫星,Landsat9
水稻种植面积监测,所用卫星,高分一号
中药资源种植面积监测,所用卫星,Landsat5
中药资源种植面积监测,所用卫星,Sentinel2
中药资源种植面积监测,所用卫星,资源三号
中药资源种植面积监测,所用卫星,Landsat8
中药资源种植面积监测,所用卫星,Landsat9
中药资源种植面积监测,所用卫星,高分一号
马铃薯种植面积监测,所用卫星,Sentinel2
马铃薯种植面积监测,所用卫星,Landsat8
马铃薯种植面积监测,所用卫星,Landsat9
马铃薯种植面积监测,所用卫星,高分二号
白芍种植面积监测,所用卫星,资源三号
大蒜种植面积监测,所用卫星,Landsat8
大蒜种植面积监测,所用卫星,Landsat9
大蒜种植面积监测,所用卫星,高分一号
番茄种植面积监测,所用卫星,高分二号
番茄种植面积监测,所用卫星,高分一号
辣椒种植面积监测,所用卫星,高分二号
花生种植面积监测,所用卫星,高分一号
花生种植面积监测,所用卫星,Sentinel2
花生种植面积监测,所用卫星,Landsat5
艾草种植面积监测,所用卫星,高分六号
艾草种植面积监测,所用卫星,高分一号
三七种植面积监测,所用卫星,Landsat8
三七种植面积监测,所用卫星,Landsat9
三七种植面积监测,所用卫星,高分一号
三七种植面积监测,所用卫星,Sentinel2
枸杞种植面积监测,所用卫星,Landsat8
枸杞种植面积监测,所用卫星,Landsat9
枸杞种植面积监测,所用卫星,高分一号
枸杞种植面积监测,所用卫星,Sentinel2
油菜种植面积监测,所用卫星,Sentinel2
油菜种植面积监测,所用卫星,高分六号
油菜种植面积监测,所用卫星,Terra
油菜种植面积监测,所用卫星,环境一号A星
柑橘种植面积提取,所用卫星,Terra
柑橘种植面积提取,所用卫星,环境一号A星
玉米种植分布情况识别,所用卫星,Sentinel2
玉米种植分布情况识别,所用卫星,Terra
玉米种植分布情况识别,所用卫星,Landsat7
烟草种植分布情况识别,所用卫星,Sentinel2
烟草种植分布情况识别,所用卫星,高分二号
烟草种植分布情况识别,所用卫星,资源三号
小麦种植分布情况识别,所用卫星,Sentinel2
小麦种植分布情况识别,所用卫星,高分一号
小麦种植分布情况识别,所用卫星,高分一号
小麦种植分布情况识别,所用卫星,环境一号A星
小麦种植分布情况识别,所用卫星,Landsat8
小麦种植分布情况识别,所用卫星,Landsat9
小麦种植分布情况识别,所用卫星,Terra
苹果种植分布情况识别,所用卫星,Sentinel2
苹果种植分布情况识别,所用卫星,高分一号
棉花种植分布情况识别,所用卫星,高分六号
棉花种植分布情况识别,所用卫星,Landsat5
棉花种植分布情况识别,所用卫星,Landsat8
棉花种植分布情况识别,所用卫星,Landsat9
棉花种植分布情况识别,所用卫星,Sentinel2
棉花种植分布情况识别,所用卫星,高分二号
棉花种植分布情况识别,所用卫星,环境一号A星
大豆种植分布情况识别,所用卫星,Sentinel2
大豆种植分布情况识别,所用卫星,Sentinel1
大豆种植分布情况识别,所用卫星,高分一号
甘蔗种植分布情况识别,所用卫星,Sentinel2
甘蔗种植分布情况识别,所用卫星,Landsat8
甘蔗种植分布情况识别,所用卫星,Landsat9
甘蔗种植分布情况识别,所用卫星,高分二号
甘蔗种植分布情况识别,所用卫星,北京二号
水稻种植分布情况识别,所用卫星,Sentinel1
水稻种植分布情况识别,所用卫星,Sentinel2
水稻种植分布情况识别,所用卫星,Terra
水稻种植分布情况识别,所用卫星,高分六号
水稻种植分布情况识别,所用卫星,Landsat8
水稻种植分布情况识别,所用卫星,Landsat9
水稻种植分布情况识别,所用卫星,高分一号
中药资源种植分布情况识别,所用卫星,Landsat5
中药资源种植分布情况识别,所用卫星,Sentinel2
中药资源种植分布情况识别,所用卫星,资源三号
中药资源种植分布情况识别,所用卫星,Landsat8
中药资源种植分布情况识别,所用卫星,Landsat9
中药资源种植分布情况识别,所用卫星,高分一号
马铃薯种植分布情况识别,所用卫星,Sentinel2
马铃薯种植分布情况识别,所用卫星,Landsat8
马铃薯种植分布情况识别,所用卫星,Landsat9
马铃薯种植分布情况识别,所用卫星,高分二号
白芍种植分布情况识别,所用卫星,资源三号
大蒜种植分布情况识别,所用卫星,Landsat8
大蒜种植分布情况识别,所用卫星,Landsat9
大蒜种植分布情况识别,所用卫星,高分一号
番茄种植分布情况识别,所用卫星,高分二号
番茄种植分布情况识别,所用卫星,高分一号
辣椒种植分布情况识别,所用卫星,高分二号
花生种植分布情况识别,所用卫星,高分一号
花生种植分布情况识别,所用卫星,Sentinel2
花生种植分布情况识别,所用卫星,Landsat5
艾草种植分布情况识别,所用卫星,高分六号
艾草种植分布情况识别,所用卫星,高分一号
三七种植分布情况识别,所用卫星,Landsat8
三七种植分布情况识别,所用卫星,Landsat9
三七种植分布情况识别,所用卫星,高分一号
三七种植分布情况识别,所用卫星,Sentinel2
枸杞种植分布情况识别,所用卫星,Landsat8
枸杞种植分布情况识别,所用卫星,Landsat9
枸杞种植分布情况识别,所用卫星,高分一号
枸杞种植分布情况识别,所用卫星,Sentinel2
油菜种植分布情况识别,所用卫星,Sentinel2
油菜种植分布情况识别,所用卫星,高分六号
油菜种植分布情况识别,所用卫星,Terra
油菜种植分布情况识别,所用卫星,环境一号A星
苜蓿种植面积提取,所用卫星,Sentinel2
苜蓿种植面积提取,所用卫星,Landsat5
矿山地质环境恢复治理遥感监测,所用卫星,Terra
矿山地质环境恢复治理遥感监测,所用卫星,WorldView-2
矿山地质环境恢复治理遥感监测,所用卫星,高分二号
矿山地质环境恢复治理遥感监测,所用卫星,Landsat8
矿山地质环境恢复治理遥感监测,所用卫星,Landsat9
矿山地质环境恢复治理遥感监测,所用卫星,高分一号
矿山地质环境恢复治理遥感监测,所用卫星,高分七号
矿山地质环境恢复治理遥感监测,所用卫星,资源三号
矿山地质环境恢复治理遥感监测,所用卫星,SPOT6
矿山地质环境恢复治理遥感监测,所用卫星,SPOT7
矿产资源快速勘查,所用卫星,Landsat8
矿产资源快速勘查,所用卫星,Landsat9
矿产资源快速勘查,所用卫星,WorldView-3
矿产资源快速勘查,所用卫星,高分五号
矿产资源快速勘查,所用卫星,Terra
矿产资源快速勘查,所用卫星,Landsat7
白岗岩型铀矿成矿要素识别,所用卫星,Terra
白岗岩型铀矿成矿要素识别,所用卫星,Quickbird
岩矿石蚀变异常信息提取,所用卫星,Landsat8
岩矿石蚀变异常信息提取,所用卫星,Landsat7
岩矿石蚀变异常信息提取,所用卫星,Terra
岩矿石蚀变异常信息提取,所用卫星,WorldView-2
岩矿石蚀变异常信息提取,所用卫星,高分五号
岩矿石蚀变异常信息提取,所用卫星,Sentinel2
岩性识别,所用卫星,Landsat8
岩性识别,所用卫星,高分一号
岩性识别,所用卫星,Sentinel1
岩性识别,所用卫星,Terra
岩性识别,所用卫星,WorldView-2
岩浆岩识别,所用卫星,Terra
岩浆岩识别,所用卫星,Landsat8
岩浆岩识别,所用卫星,Landsat9
变质岩识别,所用卫星,WorldView-2
变质岩识别,所用卫星,Terra
花岗岩识别,所用卫星,WorldView-2
花岗岩识别,所用卫星,Terra
花岗岩识别,所用卫星,Geoeye-1
岩性识别填图,所用卫星,NMP-EO-1
富钾岩石遥感信息提取,所用卫星,Terra
线性构造识别,所用卫星,Landsat8
线性构造识别,所用卫星,WorldView-2
线性构造识别,所用卫星,高分二号
线性构造识别,所用卫星,资源三号
找矿预测,所用卫星,高分一号
找矿预测,所用卫星,Landsat8
找矿预测,所用卫星,Terra
矿山地质环境调查,所用卫星,Terra
矿山地质环境调查,所用卫星,WorldView-2
矿山地质环境调查,所用卫星,高分二号
矿山地质环境调查,所用卫星,Landsat9
矿山地质环境调查,所用卫星,高分七号
矿山地质环境调查,所用卫星,资源三号
生态环境地质调查,所用卫星,Landsat8
生态环境地质调查,所用卫星,Landsat5
生态环境地质调查,所用卫星,资源三号
生态环境地质调查,所用卫星,高分一号
砂岩铀矿控矿构造识别与分析,所用卫星,Landsat7
砂岩型铀成矿条件调查,所用卫星,Landsat7
铀矿区油气还原蚀变提取和分析,所用卫星,Terra
铀矿区油气还原蚀变提取和分析,所用卫星,Landsat7
铀成矿带识别,所用卫星,高分五号
铀成矿带识别,所用卫星,Terra
铀成矿带识别,所用卫星,Quickbird
风化层厚度制图,所用卫星,高分二号
风化层厚度制图,所用卫星,Terra
地质构造解译,所用卫星,WorldView-2
地质构造解译,所用卫星,Landsat8
地质构造解译,所用卫星,高分二号
地质构造解译,所用卫星,Landsat7
岩石空间分布特征识别,所用卫星,高分一号
矿山范围内地表形变动态监测,所用卫星,Sentinel1
火山口开口方向解译分析,所用卫星,Landsat5
玄武岩流向解译分析,所用卫星,Landsat5
确定新生代玄武岩强富水区,所用卫星,Landsat5
圈定地表油气异常,所用卫星,Landsat7
圈定地表油气异常,所用卫星,NMP-EO-1
圈定地表油气异常,所用卫星,Landsat5
矿区地表塌陷监测,所用卫星,Terra
矿区地表塌陷监测,所用卫星,Sentinel2
矿区地表塌陷监测,所用卫星,Landsat8
矿区地表塌陷监测,所用卫星,Landsat7
矿区地表塌陷监测,所用卫星,高分二号
矿区地表塌陷监测,所用卫星,高分三号
地下水动态监测,所用卫星,Sentinel1
地下煤层火区识别与监测,所用卫星,Landsat8
地下煤层火区识别与监测,所用卫星,Landsat9
地下煤层火区识别与监测,所用卫星,Terra
地下煤层火区识别与监测,所用卫星,Sentinel1
地下煤层火区识别与监测,所用卫星,Landsat5
矿区地下非法开采监测,所用卫星,高分三号
矿区地下非法开采监测,所用卫星,高分三号
火山灰云识别,所用卫星,Terra
道路准确提取,所用卫星,WorldView-3
道路准确提取,所用卫星,高分二号
道路准确提取,所用卫星,高分一号
道路养护故障检测系统,所用卫星,高分二号
道路养护故障检测系统,所用卫星,高分一号
城市植被绿地监测,所用卫星,Landsat5
城市植被绿地监测,所用卫星,CBERS-2
城市植被绿地监测,所用卫星,IKONOS
城市植被绿地监测,所用卫星,Quickbird
城市植被分类,所用卫星,Sentinel2
城市绿地系统评价,所用卫星,Quickbird
城市用地监测,所用卫星,Landsat8
城市用地监测,所用卫星,Landsat5
城市用地监测,所用卫星,DMSP
城市热岛效应检测,所用卫星,Landsat8
城市热岛效应检测,所用卫星,Terra
城市热岛效应检测,所用卫星,NOAA
城市热岛效应检测,所用卫星,环境一号B星
城市热岛效应检测,所用卫星,风云三号B星
城市热岛效应检测,所用卫星,风云三号C星
城市土地利用变化研究,所用卫星,Landsat8
城市土地利用变化研究,所用卫星,Landsat5
城市土地利用变化研究,所用卫星,高分二号
城市土地利用变化研究,所用卫星,高分六号
城市土地利用变化研究,所用卫星,高分一号
城市路网监测,所用卫星,WorldView-3
城市路网监测,所用卫星,高分二号
城市路网监测,所用卫星,高分一号
城区表面太阳辐射量化,所用卫星,Landsat8
城区表面太阳辐射量化,所用卫星,Landsat9
车辆目标信息获取,所用卫星,高分二号
建筑物基坑信息提取,所用卫星,高分二号
建筑物单体信息提取,所用卫星,高分二号
建筑物高度信息提取,所用卫星,高分三号
建筑物高度信息提取,所用卫星,高分二号
建筑物高度信息提取,所用卫星,WorldView-2
建筑物高度信息提取,所用卫星,高分七号
建筑物高度信息提取,所用卫星,北京二号
大遗址调查研究,所用卫星,Landsat5
遗存及周边环境研究,所用卫星,Landsat5
城市发展情况检测,所用卫星,SNPP
城市发展情况检测,所用卫星,DMSP
人类活动监测,所用卫星,高分二号
人类活动监测,所用卫星,高分一号
人类活动监测,所用卫星,资源三号
住房空置率监测,所用卫星,高分二号
夜间目标识别,所用卫星,NOAA
夜间城市监测,所用卫星,SNPP
光污染研究,所用卫星,SNPP
光污染研究,所用卫星,DMSP
城市人工地物提取,所用卫星,Quickbird
大比例尺遥感制图,所用卫星,Landsat5
大比例尺遥感制图,所用卫星,Quickbird
大比例尺遥感制图,所用卫星,SPOT5
城市规划检测,所用卫星,Quickbird
城市规划检测,所用卫星,IKONOS
城市规划检测,所用卫星,IKONOS
违章建筑监测,所用卫星,高分二号
违章建筑监测,所用卫星,北京二号
违章建筑监测,所用卫星,WorldView-3
城市扩展对耕地占用研究,所用卫星,Landsat5
城市扩展对耕地占用研究,所用卫星,Landsat7
城市地表热环境变化研究,所用卫星,Terra
城市地表热环境变化研究,所用卫星,DMSP
城市地表热环境变化研究,所用卫星,Landsat5
城市地表温度分布图制作,所用卫星,Landsat8
城市地表温度分布图制作,所用卫星,Landsat9
城市地表温度分布图制作,所用卫星,Terra
建设用地调查,所用卫星,高分一号
建设用地调查,所用卫星,Landsat5
建设用地调查,所用卫星,Landsat8
建设用地调查,所用卫星,高分二号
建设用地调查,所用卫星,DMSP
建筑物用途精细分类,所用卫星,高分一号
建筑物用途精细分类,所用卫星,WorldView-3
建筑物用途精细分类,所用卫星,Quickbird
建筑物用途精细分类,所用卫星,Quickbird
城市扩张监测,所用卫星,Landsat7
城市扩张监测,所用卫星,Landsat5
城市扩张监测,所用卫星,DMSP
城市扩张监测,所用卫星,Terra
公路灾害监测与评估,所用卫星,高分一号
公路灾害监测与评估,所用卫星,高分三号
公路灾害监测与评估,所用卫星,Sentinel1
城市绿地结构布局检测,所用卫星,Landsat5
城市绿地结构布局检测,所用卫星,Landsat8
城市绿地结构布局检测,所用卫星,NMP-EO-1
城市绿地结构布局检测,所用卫星,Sentinel2
城市绿地结构布局检测,所用卫星,EnMAP
城市绿地结构布局检测,所用卫星,SPOT5
城市绿量计算,所用卫星,Sentinel2
城市绿量计算,所用卫星,WorldView-2
城市环境动态监测,所用卫星,Quickbird
城市容积率估计,所用卫星,Pleiades-1
城市公共空间信息提取,所用卫星,高分一号
新增建筑物自动检测,所用卫星,高分二号
新增建筑物自动检测,所用卫星,资源三号
森林火灾检测和监测,所用卫星,风云三号B星
森林火灾检测和监测,所用卫星,Terra
森林火灾检测和监测,所用卫星,Himawari-8
森林火灾检测和监测,所用卫星,高分四号
森林树种识别,所用卫星,Sentinel2
森林树种识别,所用卫星,资源一号02C星
森林树种识别,所用卫星,高分二号
森林树种识别,所用卫星,Landsat8
森林树种识别,所用卫星,Sentinel1
森林树种识别,所用卫星,WorldView-2
红树林识别,所用卫星,Sentinel2
红树林识别,所用卫星,Landsat8
红树林识别,所用卫星,高分一号
森林资源监测,所用卫星,高分一号
森林资源监测,所用卫星,Landsat8
森林资源监测,所用卫星,高分二号
林业生态工程监测,所用卫星,高分一号
森林郁闭度估测,所用卫星,Landsat8
森林郁闭度估测,所用卫星,Sentinel2
森林郁闭度估测,所用卫星,ICESat–2
森林郁闭度估测,所用卫星,高分一号
森林郁闭度估测,所用卫星,NMP-EO-1
森林郁闭度估测,所用卫星,资源三号
松材线虫病监测,所用卫星,Sentinel2
松材线虫病监测,所用卫星,Landsat8
松材线虫病监测,所用卫星,Landsat9
松材线虫病监测,所用卫星,高分七号
松材线虫病监测,所用卫星,北京二号
针叶林空间分布提取,所用卫星,Sentinel2
阔叶林空间分布提取,所用卫星,Sentinel2
阔叶林空间分布提取,所用卫星,环境一号A星
森林蓄积量估测,所用卫星,Sentinel2
森林蓄积量估测,所用卫星,Landsat8
森林蓄积量估测,所用卫星,Landsat9
森林蓄积量估测,所用卫星,Sentinel1
森林蓄积量估测,所用卫星,高分三号
森林蓄积量估测,所用卫星,ALOS
森林资源变化监测,所用卫星,高分一号
森林资源变化监测,所用卫星,高分二号
森林资源变化监测,所用卫星,Landsat8
竹林信息提取,所用卫星,Sentinel2
竹林信息提取,所用卫星,高分二号
竹林信息提取,所用卫星,Landsat5
竹林信息提取,所用卫星,Terra
竹林信息提取,所用卫星,SPOT5
叶面积指数反演,所用卫星,Sentinel2
叶面积指数反演,所用卫星,Landsat8
叶面积指数反演,所用卫星,高分一号
叶面积指数反演,所用卫星,高分六号
叶面积指数反演,所用卫星,Terra
森林病虫害遥感监测,所用卫星,Sentinel2
森林病虫害遥感监测,所用卫星,高分一号
森林病虫害遥感监测,所用卫星,高分六号
森林病虫害遥感监测,所用卫星,Landsat8
林隙研究,所用卫星,ENVISAT
林隙研究,所用卫星,Sentinel1
林隙研究,所用卫星,RadarSat-1
森林健康状态评价,所用卫星,Landsat5
森林健康状态评价,所用卫星,Landsat8
森林健康状态评价,所用卫星,SPOT5
油松冠层可燃物含水率反演研究,所用卫星,Sentinel2
输电线路山火监测与报警,所用卫星,风云三号D星
输电线路山火监测与报警,所用卫星,NOAA
马尾松毛虫害信息提取,所用卫星,SPOT5
森林生物量遥感估测,所用卫星,Sentinel1
森林生物量遥感估测,所用卫星,Landsat8
森林生物量遥感估测,所用卫星,Sentinel2
森林生物量遥感估测,所用卫星,高分二号
森林生物量遥感估测,所用卫星,ALOS
森林生物量探测,所用卫星,Sentinel1
森林生物量探测,所用卫星,Landsat8
森林生物量探测,所用卫星,Sentinel2
森林生物量探测,所用卫星,高分二号
森林生物量探测,所用卫星,ALOS
温室气体浓度信息获取,所用卫星,GOSAT
温室气体浓度信息获取,所用卫星,Sentinel5P
温室气体浓度信息获取,所用卫星,Aura
温室气体浓度信息获取,所用卫星,OCO-2
气溶胶光学厚度监测,所用卫星,Landsat8
气溶胶光学厚度监测,所用卫星,Terra
气溶胶光学厚度监测,所用卫星,COMS
气溶胶光学厚度监测,所用卫星,环境一号A星
气溶胶光学厚度监测,所用卫星,风云三号D星
地表温度反演,所用卫星,Landsat8
地表温度反演,所用卫星,Landsat9
地表温度反演,所用卫星,Terra
季节温差分布特点分析,所用卫星,Landsat8
季节温差分布特点分析,所用卫星,Landsat9
季节温差分布特点分析,所用卫星,Sentinel3
季节温差分布特点分析,所用卫星,风云一号D星
季节温差分布特点分析,所用卫星,环境一号B星
大气CO2卫星遥感反演,所用卫星,OCO-3
大气CO2卫星遥感反演,所用卫星,OCO-2
城市热岛效应时空特征分析,所用卫星,Landsat8
城市热岛效应时空特征分析,所用卫星,Terra
城市热岛效应时空特征分析,所用卫星,NOAA
城市热岛效应时空特征分析,所用卫星,环境一号B星
城市热岛效应时空特征分析,所用卫星,风云三号B星
城市热岛效应时空特征分析,所用卫星,风云三号C星
大气细颗粒物PM2.5的遥感反演,所用卫星,Terra
大气细颗粒物PM2.5的遥感反演,所用卫星,Landsat5
大气细颗粒物PM2.5的遥感反演,所用卫星,Himawari-8
细粒子气溶胶光学厚度反演,所用卫星,Landsat8
细粒子气溶胶光学厚度反演,所用卫星,Terra
细粒子气溶胶光学厚度反演,所用卫星,COMS
细粒子气溶胶光学厚度反演,所用卫星,环境一号A星
细粒子气溶胶光学厚度反演,所用卫星,风云三号D星
近地面颗粒物浓度反演,所用卫星,Terra
XCO2时空分布特征分析,所用卫星,OCO-3
XCO2时空分布特征分析,所用卫星,OCO-2
XCO2时空分布特征分析,所用卫星,GOSAT
XCO2时空分布特征分析,所用卫星,Sentinel5P
典型路段冻土分布反演,所用卫星,高分五号
典型路段冻土分布反演,所用卫星,Terra
CH4遥感反演研究,所用卫星,GOSAT
CH4遥感反演研究,所用卫星,GOSAT-2
污染地区气溶胶类型研究,所用卫星,Sentinel2
污染地区气溶胶类型研究,所用卫星,Terra
泥沙指数反演,所用卫星,Landsat8
泥沙指数反演,所用卫星,WorldView-2
泥沙指数反演,所用卫星,环境一号A星
泥沙指数反演,所用卫星,风云三号C星
泥沙指数反演,所用卫星,NMP-EO-1
泥沙指数反演,所用卫星,NOAA
河流提取,所用卫星,高分一号
河流提取,所用卫星,Landsat5
河流提取,所用卫星,Landsat8
河流提取,所用卫星,WorldView-2
地表水遥感监测应用,所用卫星,Landsat8
地表水遥感监测应用,所用卫星,Landsat5
地表水遥感监测应用,所用卫星,Sentinel2
湖泊化学需氧量遥感反演,所用卫星,高分一号
湖泊化学需氧量遥感反演,所用卫星,Landsat8
湖泊化学需氧量遥感反演,所用卫星,Sentinel2
湖泊化学需氧量遥感反演,所用卫星,COMS
湖泊氨氮含量遥感反演,所用卫星,高分一号
湖泊氨氮含量遥感反演,所用卫星,Landsat8
湖泊氨氮含量遥感反演,所用卫星,Sentinel2
湖泊氨氮含量遥感反演,所用卫星,COMS
湖泊总磷含量遥感反演,所用卫星,高分一号
湖泊总磷含量遥感反演,所用卫星,Landsat8
湖泊总磷含量遥感反演,所用卫星,Sentinel2
湖泊总磷含量遥感反演,所用卫星,COMS
流域总磷浓度反演,所用卫星,高分一号
流域总磷浓度反演,所用卫星,Landsat8
流域总磷浓度反演,所用卫星,Sentinel2
流域总磷浓度反演,所用卫星,COMS
流域高锰酸盐指数浓度反演,所用卫星,高分一号
流域高锰酸盐指数浓度反演,所用卫星,Landsat8
流域高锰酸盐指数浓度反演,所用卫星,Sentinel2
流域高锰酸盐指数浓度反演,所用卫星,COMS
流域氨氮浓度反演,所用卫星,高分一号
流域氨氮浓度反演,所用卫星,Landsat8
流域氨氮浓度反演,所用卫星,Sentinel2
流域氨氮浓度反演,所用卫星,COMS
流域化学需氧量浓度反演,所用卫星,高分一号
流域化学需氧量浓度反演,所用卫星,Landsat8
流域化学需氧量浓度反演,所用卫星,Sentinel2
流域化学需氧量浓度反演,所用卫星,COMS
陆表水面面积估算,所用卫星,Terra
水质监测,所用卫星,Landsat8
水质监测,所用卫星,Sentinel2
水质监测,所用卫星,Landsat9
水质监测,所用卫星,高分一号
水质监测,所用卫星,海洋一号D星
水质监测,所用卫星,Sentinel3
海洋灾害监测,所用卫星,Landsat5
海洋灾害监测,所用卫星,SPOT5
海洋灾害监测,所用卫星,NOAA
水土流失情况调查,所用卫星,高分一号
水土流失情况调查,所用卫星,Landsat8
水土流失情况调查,所用卫星,Landsat7
水土流失情况调查,所用卫星,高分六号
水土流失情况调查,所用卫星,Terra
湖泊面积变化分析,所用卫星,Landsat8
湖泊面积变化分析,所用卫星,Landsat7
湖泊面积变化分析,所用卫星,高分六号
湖泊面积变化分析,所用卫星,Landsat8
水体识别,所用卫星,Sentinel2
水体识别,所用卫星,Landsat8
水体识别,所用卫星,环境一号A星
水体识别,所用卫星,高分一号
研究植被覆盖度,所用卫星,Landsat8
海面高度和有效波高探测,所用卫星,海洋二号
海面溢油探测,所用卫星,高分一号
海面溢油探测,所用卫星,Sentinel1
海面溢油探测,所用卫星,COSMO-SkyMed
海面溢油探测,所用卫星,海洋一号C星
海冰探测,所用卫星,RadarSat-1
海冰探测,所用卫星,Sentinel1
海冰探测,所用卫星,风云三号C星
海冰探测,所用卫星,GCOM-W
海冰探测,所用卫星,海洋一号C星
水边线提取,所用卫星,Sentinel2
水边线提取,所用卫星,Landsat8
水边线提取,所用卫星,ICESat–2
水边线提取,所用卫星,资源三号
水利设施监测,所用卫星,高分三号
河口水质反演,所用卫星,高分五号
河口水质反演,所用卫星,Terra
河口水质反演,所用卫星,环境一号A星
河口水质反演,所用卫星,Landsat8
河口水体富营养监测,所用卫星,Landsat8
河口水体富营养监测,所用卫星,Sentinel2
灌溉面积估算,所用卫星,Landsat8
灌溉面积估算,所用卫星,高分一号
湖泊蓝藻水华监测分析,所用卫星,Landsat8
湖泊蓝藻水华监测分析,所用卫星,高分四号
湖泊蓝藻水华监测分析,所用卫星,海洋一号C星
水体富营养化情况监测,所用卫星,高分一号
水体富营养化情况监测,所用卫星,高分五号
水体富营养化情况监测,所用卫星,环境一号A星
水体富营养化情况监测,所用卫星,Terra
提取复杂水体信息,所用卫星,高分一号
提取复杂水体信息,所用卫星,高分六号
提取复杂水体信息,所用卫星,高分二号
提取复杂水体信息,所用卫星,Landsat8
水体信息提取,所用卫星,高分一号
水体信息提取,所用卫星,高分六号
水体信息提取,所用卫星,高分二号
水体信息提取,所用卫星,Landsat8
地表水热通量研究,所用卫星,Terra
地表水热通量研究,所用卫星,Landsat5
地表能量平衡研究,所用卫星,Terra
冰情解译,所用卫星,Landsat8
冰情解译,所用卫星,Sentinel2
冰情解译,所用卫星,Landsat7
作物种植结构遥感监测,所用卫星,Sentinel2
作物种植结构遥感监测,所用卫星,Terra
作物种植结构遥感监测,所用卫星,Landsat8
作物种植结构遥感监测,所用卫星,高分一号
作物种植结构遥感监测,所用卫星,高分六号
作物种植结构遥感监测,所用卫星,高分二号
作物种植结构遥感监测,所用卫星,高分五号
悬浮泥沙浓度反演,所用卫星,Landsat8
悬浮泥沙浓度反演,所用卫星,WorldView-2
悬浮泥沙浓度反演,所用卫星,环境一号A星
悬浮泥沙浓度反演,所用卫星,风云三号D星
悬浮泥沙浓度反演,所用卫星,NMP-EO-1
赤潮检测,所用卫星,海洋一号C星
赤潮检测,所用卫星,风云三号D星
赤潮检测,所用卫星,COMS
赤潮检测,所用卫星,高分一号
赤潮检测,所用卫星,Sentinel3
赤潮检测,所用卫星,环境一号A星
获取河道下垫面信息,所用卫星,ALOS
积雪检测,所用卫星,Nimbus7
积雪检测,所用卫星,DMSP
积雪检测,所用卫星,ALOS
河流污染物分布研究,所用卫星,WorldView-2
河流污染物分布研究,所用卫星,Landsat7
河流污染物分布研究,所用卫星,Landsat8
河流污染物分布研究,所用卫星,环境一号A星
河流污染物分布研究,所用卫星,SPOT5
核电站温排水遥感监测,所用卫星,Landsat8
核电站温排水遥感监测,所用卫星,环境一号A星
不透水面信息的提取,所用卫星,Landsat8
不透水面信息的提取,所用卫星,Sentinel2
不透水面信息的提取,所用卫星,Sentinel1
不透水面信息的提取,所用卫星,SNPP
悬浮物浓度反演,所用卫星,Sentinel3
悬浮物浓度反演,所用卫星,Landsat8
悬浮物浓度反演,所用卫星,Sentinel2
地质灾害对道路影响评估,所用卫星,高分二号
地质灾害对道路影响评估,所用卫星,高分一号
矿区地质灾害监测防治,所用卫星,Sentinel1
矿区地质灾害监测防治,所用卫星,Sentinel2
矿区地质灾害监测防治,所用卫星,Pleiades-1
矿区地质灾害监测防治,所用卫星,资源三号
地震应急调查,所用卫星,高分一号
地震应急调查,所用卫星,高分二号
地震应急调查,所用卫星,Sentinel1
地震应急调查,所用卫星,TerraSAR-X
地质灾害识别解译,所用卫星,Sentinel1
地质灾害识别解译,所用卫星,Sentinel2
地质灾害识别解译,所用卫星,Pleiades-1
地质灾害识别解译,所用卫星,资源三号
地质灾害调查评价,所用卫星,Sentinel1
地质灾害调查评价,所用卫星,Sentinel2
地质灾害调查评价,所用卫星,Pleiades-1
地质灾害调查评价,所用卫星,资源三号
地质灾害长期监测,所用卫星,Sentinel1
地质灾害长期监测,所用卫星,Sentinel2
地质灾害长期监测,所用卫星,Pleiades-1
地质灾害长期监测,所用卫星,资源三号
地质灾害应急响应研究,所用卫星,Sentinel1
地质灾害应急响应研究,所用卫星,Sentinel2
地质灾害应急响应研究,所用卫星,Pleiades-1
地质灾害应急响应研究,所用卫星,资源三号
地质灾害VR展示,所用卫星,Sentinel1
水旱灾害监测评估,所用卫星,Landsat5
水旱灾害监测评估,所用卫星,Sentinel1
水旱灾害监测评估,所用卫星,风云三号D星
水旱灾害监测评估,所用卫星,环境一号A星
水旱灾害监测评估,所用卫星,Terra
高位滑坡应急监测,所用卫星,北京二号
高位滑坡应急监测,所用卫星,高分二号
高位滑坡应急监测,所用卫星,WorldView-2
油气管道地质灾害面识别与监测,所用卫星,Sentinel1
地震灾区滑坡信息获取,所用卫星,Sentinel1
地震灾区滑坡信息获取,所用卫星,高分一号
地震灾区滑坡信息获取,所用卫星,Sentinel2
灾害道路滑坡进行监测和评估,所用卫星,高分二号
灾害道路滑坡进行监测和评估,所用卫星,高分一号
灾害道路滑坡进行监测和评估,所用卫星,高分三号
浒苔自然灾害监测,所用卫星,Terra
浒苔自然灾害监测,所用卫星,ENVISAT
浒苔自然灾害监测,所用卫星,RadarSat-1
浒苔自然灾害监测,所用卫星,海洋一号C星
建筑物震害信息获取,所用卫星,RadarSat-1
建筑物震害信息获取,所用卫星,高分一号
建筑物震害信息获取,所用卫星,高分二号
建筑物震害信息获取,所用卫星,Quickbird
建筑物震害信息获取,所用卫星,COSMO-SkyMed
地面沉降监测,所用卫星,RadarSat-1
地面沉降监测,所用卫星,高分二号
地面沉降监测,所用卫星,Sentinel1
地面沉降监测,所用卫星,ALOS
地表形变侦测和分析,所用卫星,Sentinel2
地表形变侦测和分析,所用卫星,Sentinel1
地表形变侦测和分析,所用卫星,ALOS
地表形变侦测和分析,所用卫星,ENVISAT
洪涝灾害遥感监测,所用卫星,Sentinel1
洪涝灾害遥感监测,所用卫星,风云三号C星
洪涝灾害遥感监测,所用卫星,环境一号A星
获取滑坡灾害分布范围,所用卫星,Sentinel1
获取滑坡灾害分布范围,所用卫星,Sentinel2
获取滑坡灾害分布范围,所用卫星,高分一号
水旱灾害遥感监测,所用卫星,Landsat5
水旱灾害遥感监测,所用卫星,Sentinel1
水旱灾害遥感监测,所用卫星,风云三号D星
水旱灾害遥感监测,所用卫星,环境一号A星
水旱灾害遥感监测,所用卫星,Terra
水电站边坡风险识别及应用研究,所用卫星,Sentinel1
中国湿地分布遥感制图,所用卫星,Landsat8
中国湿地分布遥感制图,所用卫星,Landsat5
暴雨洪涝灾害遥感监测,所用卫星,Sentinel1
暴雨洪涝灾害遥感监测,所用卫星,风云三号C星
暴雨洪涝灾害遥感监测,所用卫星,环境一号A星
沙尘暴监测,所用卫星,NOAA
沙尘暴监测,所用卫星,Himawari-8
黄土坡滑坡体散射体变形,所用卫星,Sentinel1
海洋赤潮灾害监测,所用卫星,海洋一号D星
海洋赤潮灾害监测,所用卫星,风云三号D星
海洋赤潮灾害监测,所用卫星,COMS
海洋赤潮灾害监测,所用卫星,Sentinel3
绿潮实时监测,所用卫星,Landsat8
绿潮实时监测,所用卫星,Terra
绿潮实时监测,所用卫星,海洋一号D星
绿潮实时监测,所用卫星,高分三号
金属矿区地面裂缝遥感调查,所用卫星,WorldView-2
金属矿区地面裂缝遥感调查,所用卫星,Quickbird
煤田火灾热红外遥感反演,所用卫星,Landsat8
煤田火灾热红外遥感反演,所用卫星,Landsat9
甲烷排放检测与量化研究,所用卫星,GOSAT
甲烷排放检测与量化研究,所用卫星,GOSAT-2
甲烷排放检测与量化研究,所用卫星,Sentinel5P
甲烷排放检测与量化研究,所用卫星,高分五号
甲烷排放检测与量化研究,所用卫星,EnMAP
甲烷排放检测与量化研究,所用卫星,GHGSatD
煤矿山环境监测,所用卫星,ALOS
煤矿山环境监测,所用卫星,Quickbird
矿山环境恢复治理,所用卫星,Sentinel1
矿山环境恢复治理,所用卫星,ALOS
矿山环境恢复治理,所用卫星,Terra
矿山环境恢复治理,所用卫星,WorldView-2
矿山环境恢复治理,所用卫星,高分二号
矿山环境恢复治理,所用卫星,SPOT6
矿山环境恢复治理,所用卫星,SPOT7
植被滞尘情况监测和分析,所用卫星,Sentinel2
植被滞尘情况监测和分析,所用卫星,Landsat8
矿山地质环境信息提取研究,所用卫星,高分二号
矿山地质环境信息提取研究,所用卫星,Landsat5
矿山地质环境信息提取研究,所用卫星,Quickbird
矿山地质环境信息提取研究,所用卫星,RapidEye
城市黑臭水体识别,所用卫星,高分一号
城市黑臭水体识别,所用卫星,高分二号
城市黑臭水体识别,所用卫星,PlanetScope
悬浮物空间分布特征研究,所用卫星,Landsat8
悬浮物空间分布特征研究,所用卫星,Landsat9
水质安全评估,所用卫星,Landsat8
土壤污染遥感监测,所用卫星,Landsat7
土壤污染遥感监测,所用卫星,高分二号
土壤污染遥感监测,所用卫星,高分五号
秸秆焚烧监测,所用卫星,SNPP
秸秆焚烧监测,所用卫星,Terra
秸秆焚烧监测,所用卫星,Himawari-8
秸秆焚烧监测,所用卫星,Landsat8
秸秆焚烧监测,所用卫星,Sentinel2
秸秆焚烧监测,所用卫星,Terra
秸秆焚烧监测,所用卫星,风云三号D星
秸秆焚烧监测,所用卫星,高分四号
秸秆焚烧监测,所用卫星,环境一号B星
海上漂浮塑料探测与识别,所用卫星,Sentinel2
矿山固体废弃物遥感监测,所用卫星,高分二号
矿山固体废弃物遥感监测,所用卫星,高分一号
矿山固体废弃物遥感监测,所用卫星,环境一号B星
矿山建筑遥感监测,所用卫星,高分一号
矿山建筑遥感监测,所用卫星,高分二号
矿山中转场遥感监测,所用卫星,高分二号
矿山中转场遥感监测,所用卫星,高分一号
矿山地下开采硐口遥感监测,所用卫星,WorldView-2
矿山地下开采硐口遥感监测,所用卫星,高分二号
矿山塌陷坑遥感监测,所用卫星,RapidEye
矿山塌陷坑遥感监测,所用卫星,WorldView-2
秸秆焚烧火点实时监控,所用卫星,SNPP
秸秆焚烧火点实时监控,所用卫星,Terra
秸秆焚烧火点实时监控,所用卫星,Himawari-8
秸秆焚烧火点实时监控,所用卫星,Landsat8
秸秆焚烧火点实时监控,所用卫星,Sentinel2
秸秆焚烧火点实时监控,所用卫星,Terra
秸秆焚烧火点实时监控,所用卫星,风云三号D星
秸秆焚烧火点实时监控,所用卫星,高分四号
秸秆焚烧火点实时监控,所用卫星,环境一号B星
河流水污染监测,所用卫星,Landsat8
河流水污染监测,所用卫星,Sentinel2
河流水污染监测,所用卫星,PlanetScope
余泥渣土场信息提取,所用卫星,高分一号
地表塌陷积水,所用卫星,环境一号B星
油田土壤石油污染检测,所用卫星,Terra
污染土壤修复,所用卫星,NMP-EO-1
农业立体污染监测,所用卫星,Terra
典型污染物排放特征分析,所用卫星,Landsat8
典型污染物排放特征分析,所用卫星,Landsat9
草地总生物量动态估算,所用卫星,Landsat8
草地总生物量动态估算,所用卫星,Landsat5
草地总生物量动态估算,所用卫星,Sentinel2
草地总生物量动态估算,所用卫星,Terra
草地总生物量动态估算,所用卫星,高分一号
铀资源勘查,所用卫星,Landsat8
铀资源勘查,所用卫星,高分五号
铀资源勘查,所用卫星,Terra
铀资源勘查,所用卫星,WorldView-3
地热资源勘查,所用卫星,Landsat8
地热资源勘查,所用卫星,Terra
地热资源勘查,所用卫星,ALOS
地下水资源勘查,所用卫星,Landsat8
地下水资源勘查,所用卫星,Landsat5
地下水资源勘查,所用卫星,资源一号02C星
地下水储量变化,所用卫星,Landsat8
地下水储量变化,所用卫星,Landsat5
资源环境效应分析,所用卫星,高分五号
西北重点生态工程实施,所用卫星,高分五号
西北重点区域综合治理,所用卫星,高分五号
西北寒区旱区国土空间优化,所用卫星,高分五号
煤快速有效识别,所用卫星,Landsat8
煤快速有效识别,所用卫星,Landsat7
煤快速有效识别,所用卫星,IKONOS
煤堆放情况动态监测,所用卫星,Landsat8
煤堆放情况动态监测,所用卫星,Landsat7
煤堆放情况动态监测,所用卫星,IKONOS
矸石快速有效识别,所用卫星,Landsat8
矸石快速有效识别,所用卫星,QuickBird
矸石堆放情况动态监测,所用卫星,Landsat8
矸石堆放情况动态监测,所用卫星,Landsat7
成矿预测,所用卫星,Landsat8
成矿预测,所用卫星,Landsat7
成矿预测,所用卫星,Landsat5
成矿预测,所用卫星,Terra
成矿预测,所用卫星,高分五号
成矿预测,所用卫星,高分二号
冰川进退,所用卫星,Landsat8
冰川进退,所用卫星,Landsat7
冰川进退,所用卫星,Landsat5
草场退化,所用卫星,Landsat5
矿产资源勘探与监测,所用卫星,Landsat8
矿产资源勘探与监测,所用卫星,Landsat7
矿产资源勘探与监测,所用卫星,Terra
矿产资源勘探与监测,所用卫星,WorldView-3
矿产资源勘探与监测,所用卫星,高分五号
找矿靶区预测,所用卫星,Terra
找矿靶区预测,所用卫星,资源一号02C星
找矿靶区预测,所用卫星,Landsat7
水资源调查监测,所用卫星,Landsat5
水资源调查监测,所用卫星,Sentinel2
水资源调查监测,所用卫星,资源一号02C星
水资源调查监测,所用卫星,SPOT5
矿产资源勘探,所用卫星,Landsat8
矿产资源勘探,所用卫星,Landsat7
矿产资源勘探,所用卫星,Terra
矿产资源勘探,所用卫星,WorldView-2
矿产资源勘探,所用卫星,高分五号
矿产资源违法开采信息获取,所用卫星,高分一号
矿产资源违法开采信息获取,所用卫星,高分二号
矿产资源违法开采信息获取,所用卫星,资源三号
矿产资源违法开采信息获取,所用卫星,RapidEye
旅游资源调查,所用卫星,Landsat5
旅游资源调查,所用卫星,Landsat8
旅游资源调查,所用卫星,Landsat7
旅游资源调查,所用卫星,高分二号
盐渍化土壤监测,所用卫星,Landsat5
盐渍化土壤监测,所用卫星,Landsat8
盐渍化土壤监测,所用卫星,Sentinel1
盐渍化土壤监测,所用卫星,Sentinel2
盐渍化土壤监测,所用卫星,高分一号
盐渍化土壤监测,所用卫星,高分一号
盐渍化土壤监测,所用卫星,WorldView-2
盐渍化土壤监测,所用卫星,ALOS
盐分信息提取,所用卫星,Landsat8
盐分信息提取,所用卫星,Landsat7
盐分信息提取,所用卫星,Sentinel1
盐分信息提取,所用卫星,Terra
盐分信息提取,所用卫星,高分五号
农林结构调查,所用卫星,Landsat5
农林结构调查,所用卫星,Landsat8
农林结构调查,所用卫星,Landsat7
沙漠进退监测,所用卫星,Landsat5
沙漠进退监测,所用卫星,Landsat8
沙漠进退监测,所用卫星,Landsat7
土地荒漠化监测,所用卫星,Landsat5
土地荒漠化监测,所用卫星,Landsat8
土地荒漠化监测,所用卫星,Landsat7
土地荒漠化监测,所用卫星,Sentinel1
土地荒漠化监测,所用卫星,Terra
湿地资源遥感调查,所用卫星,高分一号
湿地资源遥感调查,所用卫星,Landsat8
湿地资源遥感调查,所用卫星,Landsat7
湿地资源遥感调查,所用卫星,环境一号A星
湿地资源遥感调查,所用卫星,资源三号
湿地资源遥感调查,所用卫星,资源一号02C星
土壤侵蚀等级判定,所用卫星,高分一号
土壤侵蚀等级判定,所用卫星,高分二号
土壤侵蚀等级判定,所用卫星,Landsat5
山间盆地土壤侵蚀现状分析,所用卫星,高分一号
山间盆地土壤侵蚀现状分析,所用卫星,高分二号
山间盆地土壤侵蚀现状分析,所用卫星,Landsat5
土壤侵蚀发展趋势分析,所用卫星,高分一号
土壤侵蚀发展趋势分析,所用卫星,高分二号
土壤侵蚀发展趋势分析,所用卫星,Landsat5
草原利用现状研究,所用卫星,Landsat5
草原利用现状研究,所用卫星,Landsat8
草原利用现状研究,所用卫星,Landsat7
植被健康状况评价,所用卫星,Landsat5
植被健康状况评价,所用卫星,Landsat8
草场退化程度监测,所用卫星,Landsat5
尾矿库环境风险监测,所用卫星,WorldView-2
尾矿库环境风险监测,所用卫星,ALOS
尾矿库环境风险监测,所用卫星,RapidEye
尾矿库环境风险监测,所用卫星,环境一号A星
油气资源勘探,所用卫星,Terra
油田环境监测,所用卫星,Terra
油气工程评价,所用卫星,Terra
水土流失调查,所用卫星,Landsat8
水土流失调查,所用卫星,Landsat7
水土流失调查,所用卫星,高分一号
水土流失调查,所用卫星,高分六号
水土流失调查,所用卫星,Terra
监测植被胁迫类型,所用卫星,Sentinel2
草原碳贮量遥感监测,所用卫星,Terra
成矿远景区圈定,所用卫星,Landsat8
成矿远景区圈定,所用卫星,Landsat7
成矿远景区圈定,所用卫星,高分一号
矿区遥感异常信息提取,所用卫星,Landsat7
